FacilityID,CampsiteName,CampsiteLongitude,CampsiteLatitude
232446,65,-119.683914,37.550125
232447,44,-119.56504,37.737625
232451,78,-119.866541,37.799589
232709,9,-97.264983,31.586164
251938,32,-84.485965,35.076028
251945,K026,-75.543183,35.235531
250877,1,-115.38476,36.13011
252470,1,-78.717593,38.235217
232458,203,-86.115667,44.714692
233098,1,-92.434041,34.832915
233119,Site# 01,-92.758549,35.986173
10001419,1,-103.491884,43.461653
10001432,1,-103.572087,43.439502
10001451,01 - Tent Site,-93.345717,36.040823
270967,1,-71.794727,44.076366
233478,1,-89.3544,38.616093
10003362,1,-111.708643,46.651503
10003401,1,-111.684035,46.643316
10003508,Eagleview Shelter,-85.181022,32.917917
239417,1,-71.559243,44.047259
261696,1,-111.990061,46.993093
264411,Green River Lake Lodge,-109.858197,43.312133
10004152,1,-119.60264,37.741599
273785,1,-116.081203,47.267952
10004358,1,-84.634005,36.54572
247867,1,-120.12211,39.320852
273308,Shelter 1,-123.56927,43.9039
10004589,Earl Cook 1,-85.174451,32.992751
10004592,Hardley Creek Shelter,-85.191762,32.917472
10004594,Horace King Shelter #1,-85.177324,33.028136
10004596,Long Cane Shelter #1,-85.150565,32.959214
10004598,McGee Bridge Shelter,-85.119329,33.058737
10004600,Rocky Point Shelter #1,-85.205619,32.991655
10004602,Veasey Creek Shelter,-85.229038,32.997826
10004604,Yellowjacket Shelter,-85.102748,33.075072
10004657,Bay View House,-70.074826,41.958112
10004659,Beach View House,-69.948381,41.847716
10004661,Le Count Beach House,-69.978996,41.922798
10004663,Ocean View House,-69.977201,41.926892
10004665,Seashore Modern House,-69.993971,41.958068
10004667,Sunrise House,-69.977154,41.925892
233136,1,-118.228429,44.961995
233392,1,-112.831478,37.610919
10004932,1,-121.150866,48.716149
245489,1,-119.988746,38.480999
10005253,1,-120.007484,38.477314
273310,Shelter 1,-122.846,44.23
233462,Overlook Shelter,-95.70761,38.502001
10005354,Brown Shelter,-83.536787,38.117106
10005358,Somerfield North Recreation Area,-79.3937,39.7566
261822,1,-111.888228,46.739591
249579,1,-90.714522,46.038026
264686,Rocky Bend Group Site,-123.60603,45.239621
250796,Pavilion 1,-88.794753,30.399781
232758,25,-122.388941,40.87141
232524,32,-94.241276,34.225136
232566,Shelter Red Bud,-83.47045,37.343761
10006208,Joe Thompson Cabin,-154.04274,60.34805
233596,Priest River Shelter,-116.892201,48.178913
233600,Osprey Shelter,-116.775395,48.159246
233637,Day Use Shelter,-116.586491,48.236785
251834,A,-109.30606,38.81093
273975,1,-120.5162,47.935925
251839,The Ledge E Group Site,-109.6019,38.46731
10007130,1,-77.359267,38.563597
249981,Dove Bay West,-93.107065,48.602198
233591,13,-95.968415,36.898638
10007160,Spyglass Cabin,-116.196981,47.842073
246520,1,-73.050841,43.891853
233809,Maple Shelter,-83.370331,37.271644
233684,38,-90.128709,34.745229
233434,75,-93.266295,34.582118
253491,GRANITE BUTTE LOOKOUT,-112.464767,46.863017
233456,27,-89.821419,34.165982
233662,100,-89.893241,34.165115
249312,1,-111.204376,33.729439
249291,166,-111.011783,33.647647
232572,A001,-85.911351,36.30303
233379,A01,-77.415199,38.601709
261812,"8am-12pm, Red Spring Large Shelter",-115.419201,36.146266
251838,A,-109.815547,38.584969
255118,Group C,-109.359741,38.737646
10008944,1,-120.955844,40.155785
251969,Bermuda,-86.646164,46.471119
240242,1,-83.914604,34.708024
251544,6,-77.21752,38.976585
10009517,Gazebo,-105.222866,41.094444
249254,1,-111.203208,33.626105
10000305,1,-113.451086,34.536654
232746,S3,-92.146548,34.695727
10010172,1,-123.234366,40.736562
264886,1,-82.846517,35.860917
257007,Super Bowl Group Site,-109.621006,38.145151
10011396,1,-82.741402,35.381144
10012078,1,-93.302867,34.27836
10012141,Westwater Group Site,-109.103972,39.088768
252035,6,-122.405352,42.50051
252968,10,-78.385331,39.62394
251942,25,-88.528303,45.513017
251943,20,-79.258315,41.689648
251908,20,-85.001378,29.999931
253680,5,-107.427039,40.008413
251833,G2,-68.058302,44.380578
251976,Duck Lake,-86.651903,46.477119
251974,Hemlock,-86.6823,46.495764
252037,1,-120.187856,39.540214
238333,1,-123.129737,40.767946
238331,1,-123.343121,40.784244
10028875,Grapevine Hills 1,-103.255361,29.340892
236938,1,-121.866168,43.846861
233841,Popple Cabin,-91.784633,47.757325
237056,1,-121.848568,43.844482
10029004,1 (BOAT-IN ONLY),-121.009551,37.75055
10029012,1 (BOAT-IN ONLY),-120.805419,37.784997
236991,1,-121.890479,43.838011
252281,Creek Pasture Group Site,-109.634189,38.170228
252967,9,-78.715459,39.563864
10035048,1,-94.824117,35.361588
10035081,1,-94.826233,35.316691
251431,1,-75.544574,35.800081
261804,1,-111.568347,45.612116
10035281,1,-94.783744,35.321783
261802,1,-111.571469,45.605189
252036,25,-119.060483,48.792707
253917,46,-118.673856,36.791339
233488,A007,-86.130984,37.321996
10036862,PS1,-88.77364,39.40816
10036864,PS1,-88.781,39.41104
10036866,Ramp Point Picnic Shelter,-88.77647,39.41571
10036879,PS1,-88.62684,39.55117
10036881,PS1,-88.73621,39.45432
251958,A2,-114.221805,38.990427
10036906,PS1,-88.78068,39.40658
10036909,PS1,-88.6117,39.53339
10038712,1,-95.849423,37.257456
251956,Spruce Cove Shelter,-80.460491,41.270553
10038964,1,-95.781836,37.280047
10038980,R-01,-95.48395,34.197901
10038994,Reynolds Creek Group Site,-116.939492,48.55598
233263,1,-116.87533,48.548257
233264,1,-116.904167,48.565539
10039071,1,-95.209581,35.917942
10039857,1,-89.059985,45.936851
10039887,1D,-121.110083,39.428798
10039993,1,-121.124269,39.432533
232867,44,-121.794024,45.109139
10040012,Dogwood,-121.121394,39.414977
10040020,Long Valley Work Center Group Campground,-111.330161,34.52086
10040022,1,-121.165553,39.469653
10040047,2D,-121.121673,39.417556
10032028,Moqui Group Campground Spooner,-111.198467,34.596413
258667,1,-82.145891,35.815491
10040524,1,-96.247271,36.149894
10040547,1,-72.947757,43.048035
10040565,1,-112.603544,47.086394
10040569,1,-106.807859,39.375366
10040589,1,-112.584123,46.792449
10040591,1,-107.03256,38.91403
233481,1,-95.7567,38.2531
10041304,1,-83.43562,35.461215
256893,1,-111.225284,41.677702
256892,1,-112.783225,40.036565
10041495,1,-96.29116,35.952875
10041510,8,-96.280905,36.23885
10045243,Unit 1 ,-70.07284,42.044925
10045245,Unit 2,-70.072767,42.044872
10045247,Unit 3,-70.07269,42.044817
231990,1,-87.27,34.022222
232423,1,-87.319722,34.102778
10046288,2,-89.730706,34.421509
10046828,AA Barn,-105.83813,40.20194
233786,33,-89.3544,38.616093
10046933,1,-118.529897,35.574779
273309,Site 1,-123.66221,43.9858
10047120,1,-88.759159,46.079884
233196,1,-121.275895,43.711973
10047182,1,-121.395204,40.44297
10048964,Group Site 1,-114.802881,36.035558
10048970,Picnic Shelter,-72.023392,42.427326
258992,Houchin Ferry Site 1,-86.237346,37.201947
10048983,White Oak,-86.050281,37.216484
10048998,1 (BOAT-IN ONLY),-120.713627,37.811399
250850,1,-95.375342,38.891197
233192,31,-121.19519,43.729711
10049271,Group Camp,-88.738213,39.452899
10049272,1,-89.799108,34.406049
10049273,Pinon Groupsite A,-108.481474,34.137689
233526,1,-93.44256,34.575562
10050235,Site 1,-94.094106,34.193944
10050257,Site 1,-94.09253,34.14001
10051899,M6 - 7:00am-8:00am,-77.046035,38.888581
10051955,S11 - 7:00am-8:00am,-77.048822,38.891569
10051978,M11 - 7:00am-8:00am,-77.03429,38.886545
10052002,M1 - 7:00am-8:00am,-77.046935,38.88597
10052058,S1 - 7:00am-8:00am,-77.041556,38.881423
10052157,1,-93.508715,32.702247
10052192,1,-93.448152,32.368113
10052204,S9 - 7:00am-8:00am,-77.032905,38.880706
10052227,1,-108.488862,34.137191
10052246,1,-93.9189,33.7396
10052578,M12 - 7:00am-8:00am,-77.022307,38.85758
10052638,Site 1,-95.401768,36.251507
10052650,1,-111.395809,33.527174
10053729,1,-93.472103,34.632815
10053759,Hurricane Landing 1,-89.584594,34.493496
10053793,A1,-95.582282,33.837773
232453,1,-119.624302,37.663759
10054654,A1,-93.471565,35.425231
233569,C15,-93.792065,37.662688
231978,63,-123.956964,45.283285
251548,A01,-122.167594,43.169297
251907,A03,-122.404714,43.27258
232343,1,-120.024446,38.478365
10058090,1,-93.767828,34.240012
10049434,A1,-94.169729,35.438939
10058234,1,-93.712941,34.150022
10058259,1,-96.937183,39.140303
10058299,1,-96.975638,39.214109
10060225,Ford's Well 1,-89.790571,34.126431
233425,GR001,-93.509938,38.211014
10060948,Site 001,-123.02217,43.20097
262702,Site 001,-122.95209,43.37983
10060971,Dutch Oven Group Campsite,-109.802718,38.145292
266144,Group Site Datura A,-109.514211,38.581527
10064530,8,-92.248491,36.372103
10064546,1,-93.101861,36.680686
10064579,1,-92.283286,36.545043
10064643,1,-118.018386,48.69991
10064687,1,-118.144152,48.287744
10064730,1,-118.228501,48.125988
10064768,1,-118.175152,47.895344
232038,3,-121.915793,48.901605
251939,13,-88.505736,45.703629
251946,34,-79.441259,41.480125
251959,11,-79.257553,41.542322
232145,3,-108.538892,37.517941
10067302,1,-92.629121,36.443604
10067336,Heritage AM,-79.51201,40.71286
10068459,Site 1,-114.726618,36.140315
10068512,CC Site 01,-114.687358,35.494339
10068584,1,-94.007319,33.783877
259307,Pebble Creek site #1,-110.11398,44.917093
259310,Slough Creek site #1,-110.305698,44.948784
10075391,1,-84.140512,34.739626
10075403,Esker Stream Cabin,-139.774634,59.879754
10075409,1,-95.563148,36.070946
10075441,1D - 21D,-80.039766,36.806766
247571,Mammoth site #1,-110.693475,44.973281
10077451,1,-120.763931,38.942933
10077501,Unit 1 Shelter,-105.66416,35.830355
253918,10,-113.302928,46.1982
252970,6,-77.74834,39.42063
234674,G4,-68.309272,44.245279
234629,CHIEF COVE CABIN,-153.9021,57.70794
232279,1,-116.45055,32.888961
10082227,McFadden Cove 1,-96.933493,36.701132
10082283,Site 1,-114.874565,36.128445
251973,Gull Point,-86.696806,46.553431
233409,S2,-86.437601,37.631152
233774,70,-88.986801,45.938894
10085599,1,-113.643944,37.377819
10085626,Site 1,-114.325135,36.031236
10086072,44969,36.928375,-86.029326
10086109,1,-113.793284,36.949961
233587,Paradise,-119.349816,45.933459
251535,16,-109.805912,38.142691
232597,Heber Springs Shelter AM,-92.075914,35.502803
232569,Spillway Falls Shelter,-87.872187,32.511017
254086,7,-91.525202,41.7224
254084,23,-90.809754,37.1503
233360,1,-114.902249,48.03217
10092282,Site 1,-99.553655,36.543624
10075120,Site 1,-114.802095,36.036064
254085,39,-91.557074,41.759013
10094038,Large Pavilion,-116.348055,46.502222
10086085,44938,-80.677456,38.668069
234120,023A,-100.301309,41.90064
254082,15,-105.139594,37.312742
254080,5,-105.142936,37.325583
233542,20,-93.46882,38.269623
249995,32,-111.589037,46.523244
10098538,1 Day Use,-115.855233,48.267604
10098548,Big Acres 1 (292),-89.793535,34.401371
10098551,Cypress Pt (246),-89.807701,34.40065
10098553,Engineer Pt (100),-89.784481,34.396535
10098555,Paradise Pt 1 (412),-89.79848,34.403628
10098558,Riverside (410),-89.791778,34.400151
10098560,Picnic Shelter 595,-89.907069,34.157566
258830,4,-110.641908,43.909492
254079,9,-91.529734,41.721837
258831,406,-110.643038,43.905459
247661,1,-110.665087,43.616859
10099358,Picnic Shelter 625,-89.896646,34.159676
247664,1,-110.721327,43.754259
247785,1,-110.687974,44.00558
10099484,Picnic Shelter 620,-89.898693,34.159176
10099489,Picnic Shelter565,-89.908501,34.150924
247663,1,-110.612717,43.842247
10099575,1,-110.635695,43.904605
254081,4,-91.527093,41.724088
10101311,Belmont Park Shelter,-87.880678,32.554883
10101313,Finches Ferry Shelter,-87.835339,32.842577
10101315,Lock 6 Shelter,-87.790599,32.709734
10101317,Lock 8 Shelter,-87.780664,32.895272
10101319,Hilltop Shelter,-87.420521,33.273526
10101322,Spillway Falls Shelter,-87.886899,32.520408
10101324,1,-120.714055,48.348504
10101333,1,-120.654415,48.307874
10101344,1,-120.657925,48.313304
10101351,Pavilion 502,-89.777559,33.830438
10101354,Main Beach Pavilion,-89.764097,33.801626
10101356,Pavilion 470,-89.777485,33.806516
10101360,Pavilion 550,-89.773472,33.809619
10101362,1,-114.239648,39.016722
10101374,1,-114.249081,39.013026
10101398,Cayuse Shelter,-121.933261,47.143821
232511,43,-97.238117,31.596422
254094,32,-122.005437,43.750555
234465,1,-115.299547,48.488653
10103087,PAV 1,-93.192091,34.568949
10103089,PAV 1,-93.214607,34.570359
10103111,Meadow Peak Lookout,-114.989084,48.079656
10103157,Island Creek Day Use Picnic Shelter,-78.468231,36.549782
10103159,Ivy Hill Day Use Picnic Shelter,-78.417038,36.575477
10103189,Palmer Point Shelter,-78.288897,36.56204
10103191,Tailrace Park Picnic Shelter,-78.299233,36.601808
251911,Juniper Group Campsite,-121.149852,44.492305
255124,14,-88.980409,45.990459
255120,8,-89.010332,46.008751
255121,15,-88.962135,45.902761
10107303,Anderson Shelter,-85.200283,32.936933
10107305,Glass Bridge,-85.172567,33.002283
10107307,R Shaefer Heard Group Shelter #1,-85.163333,32.922033
10107310,Sunny Point Shelter,-85.06355,33.094033
10107342,1,-95.452232,37.294418
258832,101,-110.667814,44.105138
10107534,Grassy Creek Day Use Picnic Shelter,-78.596446,36.537828
10107666,1,-111.218977,34.564566
255122,2,-88.562352,45.883334
255123,11,-89.11086,45.812964
10113966,Campsite,-91.053715,41.347496
255119,20,-122.024409,41.245219
10119398,Site 001,-122.76073,43.37964
10119467,Picnic Shelter 660,-89.826405,34.162615
10119469,Picnic Shelter 665,-89.789249,34.126939
10119471,Picnic Shelter 583,-89.906566,34.137622
10119477,Picnic Shelter 637,-89.887317,34.164776
10119479,Picnic Shelter 613,-89.764494,34.141655
10119481,1,-95.486169,35.946692
10119505,HÅlua 1,-156.218382,20.739709
233466,55,-96.922166,36.785553
233553,B23,-80.988326,41.012059
10120780,Picnic Shelter 154,-89.709808,34.427285
10120783,Pavilion 500,-89.778373,33.842874
10120785,Hurricane (405),-89.585486,34.493938
10120787,Pats Bluff (136),-89.735758,34.419017
10120789,PAVILION  1,-93.265696,34.580644
10120791,PAVILION  1,-93.346535,34.542327
10120794,PAVILION  1,-93.191197,34.570504
10120796,PAVILION  1,-93.4708,34.56858
10122572,River - 761,-90.128834,34.759963
10122575,South Abutment - 734,-90.128027,34.749679
10122577,Bayou Point 710,-90.119862,34.738707
10122580,Dub Patton - 729,-90.113001,34.77297
10122583,1,-80.573586,38.634153
10122661,1,-106.130957,39.725476
255135,16,-122.177289,44.706152
10122722,1,-78.599103,41.561053
10122789,1,-106.326667,39.875278
10122832,Sollers Cabin,-110.707,32.408
10122834,1,-106.308813,39.8885
255136,1,-113.566978,43.472628
10124956,A1,-92.781438,35.130365
258825,1,-111.822538,36.039964
10125059,1,-106.233256,39.84475
255134,16A,-99.43748,44.041561
275085,1,-118.145919,48.297061
275082,1,-118.152302,48.56066
275028,1,-118.123702,48.71646
274993,1,-118.059169,48.668144
275091,1,-118.325302,47.815527
275092,1,-118.582352,47.920242
275029,1,-118.116436,48.677827
274908,1,-118.001036,48.786694
275027,1,-118.059852,48.733294
10128465,Big Hurricane - Site 1,-85.782,36.021
233236,2,-118.232663,44.96459
274471,Site #1,-74.964695,41.115275
10130532,1,-98.20364,29.87311
234062,68,-118.302987,47.909964
10132083,Steliko Lookout,-120.344191,47.740345
10132085,Tyee Lookout,-120.471649,47.864122
10132176,1,-122.673901,43.87433
10132301,Shelter 1,-80.0872,41.691015
10134047,1,-110.680723,45.044532
233165,Jack Pine Cabin,-90.394605,48.038098
232868,H,-121.769132,45.113697
255177,8,-93.957387,35.690772
255176,Liberty PM ,-79.517763,40.705624
232109,22,-111.699054,40.572925
255202,Constitution AM,-79.504468,40.716247
255205,T3,-123.490699,44.324613
10137699,1D,-121.147674,39.397864
10145499,1,-81.705845,34.448097
10145521,1,-81.450273,34.699219
10145539,Upper East Branch,-68.79791,46.113811
10145639,Poulous Group Campground,-81.454297,34.749403
10145689,Site 01- Group,-81.738219,34.630756
10149034,The Bayberry Dunes Beachview House,-72.990031,40.690069
232169,15,-115.604698,44.0797
233643,111,-99.580135,36.528564
10150477,Ramp Shelter,-84.853681,30.743826
10150481,Faceville Shelter,-84.665784,30.787755
10150483,Hales Landing Shelter,-84.661542,30.847136
10150485,Rays Lake Shelter,-84.850689,30.836656
231993,144,-82.735667,35.286389
15045,A-1,-111.853544,43.961886
10156120,Lost Horse Cabin,-112.438189,46.760065
10156125,Site 1,-84.07545,34.76171
10156151,Host Site 15,-49,42
234037,B42,-81.738844,36.138489
10158169,1,-96.923813,36.694571
258617,A-1,-83.63237,36.603622
233642,225,-91.560747,41.762341
234049,1,-96.959963,34.50098
10158631,Klondike Pavilion,-79.356186,39.796597
10158808,Site 1,-109.693572,40.181967
246894,37,-81.113513,25.867845
10159060,Arlie Moore Pavilion,-93.200346,34.268512
10159062,Caddo Drive Pavilion,-93.185971,34.260894
10159064,Highway 7 Pavilion,-93.109364,34.236428
10159066,Lower Lake Pavilion,-93.098961,34.177308
10159068,Oak Bower Cabins,-93.201761,34.289165
234009,25,-113.289842,46.206854
10159159,1,-88.704133,31.339917
10159225,1,-96.496075,38.694769
10159237,1,-96.511886,38.678587
10159246,1,-96.502507,38.707422
10159257,Holmes Bend Picnic Shelter,-85.267202,37.222438
10088563,2,-114.306133,39.01037
247559,1,-93.036331,34.523798
255286,9,-83.981401,34.392037
10161359,Site 1,-109.169543,40.898673
255284,Pine Shelter,-78.077254,40.379779
255285,1,-78.231286,40.242582
255282,1,-78.170995,40.310544
255281,1,-78.162913,40.376628
255283,1,-78.005624,40.430817
260552,Site 1,-105.852557,40.379263
233494,19,-93.184276,34.250272
10163053,1,-115.022913,47.232597
10163081,Jesen Cabin,-111.1558,43.18282
10163100,1,-95.28199,35.878711
10165105,Standard,-121.91032,44.17788
10165110,Standard,-106.855628,38.6553
10165115,Standard,-106.220432,38.584475
10165120,Standard,-107.542879,38.250163
10165125,Standard,-122.545556,43.973056
10165130,Standard,-106.351585,39.267893
10165135,Standard,-149.255688,60.751094
10165140,Standard,-107.545542,38.259156
10165145,Standard,-107.882951,39.077742
10165150,Standard,-121.98285,44.49294
10165155,Standard,-121.98285,44.49294
10165160,Standard,-148.888759,60.788454
10165165,Standard,-122.243611,43.836667
10165170,Standard,-122.2975,43.709167
10165175,Standard,-106.196105,38.715503
10165180,Standard,-107.1975,37.4655
10165185,Standard,-122.609444,43.962222
10165190,Standard,-108.06771,37.78701
10165195,Standard,-122.412222,43.501111
10165200,Standard,-114.4261,43.8204
10165205,Standard,-114.855278,44.25639
10165210,Standard,-106.835436,38.828863
10165215,Standard,-144.7585,60.66439
10165220,Standard,-114.904499,44.164037
10165225,Standard,-107.2101,37.5389
10165230,Standard,-106.642482,38.767345
10165235,Standard,-105.024831,37.348457
10165240,Standard,-106.290197,38.782798
10165245,Standard,-107.963264,39.074818
10165250,Standard,-107.937014,39.048755
10165255,Standard,-105.554005,39.508235
10165260,Standard,-107.188073,38.019534
10165265,Standard,-105.105092,39.271774
10165270,Standard,-106.323622,39.091688
10165275,Standard,-122.615556,43.963889
10165280,Standard,-106.413364,39.152119
10165285,Standard,-121.807475,43.979449
10165290,Standard,-107.26681,38.956703
10165295,Standard,-105.092205,39.327485
10165300,Standard,-106.099761,39.208593
10165305,Standard,-122.064722,43.630278
10165310,Standard,-105.360165,39.171224
10165315,Standard,-107.006339,38.982165
10165320,Standard,-115.1511,44.1486
10165325,Standard,-105.355554,39.327016
10165330,Standard,-106.396856,39.158821
10165335,Standard,-106.397855,39.157616
10165340,Standard,-105.805362,39.482971
10165345,Standard,-105.799906,39.482365
10165350,Standard,-78.930833,41.9225
10165355,Standard,-105.823633,38.329669
10165360,Standard,-114.53096,44.2492
10165365,Standard,-78.943056,41.962222
10165370,Standard,-78.932778,41.9125
10165375,Standard,-122.263333,43.497778
10165380,Standard,-106.33563,38.708438
10165385,Standard,-115.0088,44.1988
10165395,Standard,-122.254722,43.885556
10165400,Standard,-108.0771,37.3762
10165405,Standard,-105.65969,38.264137
10165410,Standard,-107.997937,39.034553
10165415,Standard,-121.912778,44.429889
10165425,Standard,-105.5077,39.284721
10165430,Standard,-114.6933,44.2565
10165435,Standard,-107.342951,37.24294
10165440,Standard,-106.359449,39.258104
10165445,Standard,-105.535061,39.511054
10165450,Standard,-105.88441,39.411563
10165455,Standard,-107.53601,37.40891
10165460,Standard,-107.6612,37.4046
10165465,Standard,-79.154444,41.621389
10165470,Standard,-114.8411,44.2616
10165475,Standard,-78.927778,41.821944
10165480,Standard,-106.710148,38.859166
10165485,Standard,-114.9145,44.1354
10165490,Standard,-114.904765,44.161685
10165495,Standard,-114.4194,43.8036
10165500,Standard,-106.765213,38.727673
10165505,Standard,-106.320261,38.611808
10165510,Standard,-114.8658,43.9188
10165515,Standard,-105.176625,39.348821
10165520,Standard,-105.187773,39.320598
10165525,Standard,-106.409499,39.067119
10165530,Standard,-114.86927,43.984452
10165535,Standard,-122.15919,44.72158
10165540,Standard,-78.946667,41.874167
10165545,Standard,-107.505863,37.446874
10165550,Standard,-106.503242,38.611727
10165555,Standard,-105.20819,39.297564
10165561,Standard,-149.3699,60.34074
10165566,Standard,-122.517131,43.976347
10165571,Standard,-106.469276,38.638716
10165576,Standard,-106.565704,38.858443
10165581,Standard,-114.8491,44.2669
10165586,Standard,-122.328333,43.496389
10165591,Standard,-122.373056,43.762778
10165596,Standard,-114.8691,44.2486
10165601,Standard,-122.451389,43.601389
10165606,Standard,-121.88801,44.21232
10165611,Standard,-122.441164,43.514789
10165616,Standard,-105.951479,39.372238
10165621,Standard,-122.21125,44.382444
10165626,Standard,-122.30044,44.84493
10165631,Standard,-122.045788,43.861544
10165636,Standard,-114.8611,43.9202
10165641,Standard,-106.415789,38.521437
10165646,Standard,-108.077778,37.370917
10165651,Standard,-107.317813,38.547877
10165656,Standard,-114.9166,44.1311
10165661,Standard,-107.7751,37.8056
10165666,Standard,-106.767442,38.748017
10165671,Standard,-105.024292,38.996989
10165676,Standard,-108.08102,39.050053
10165681,Standard,-107.888497,37.889509
10165686,Standard,-106.357075,39.275387
10165691,Standard,-107.22941,37.51001
10165696,Standard,-105.123644,38.872025
10165701,Standard,-107.6809,37.4624
10165711,Standard,-105.479646,39.152548
10165716,Standard,-106.421393,39.067538
10165721,Standard,-114.6975,44.2585
10165726,Standard,-107.978385,39.04011
10165731,Standard,-107.830857,39.065482
10165736,Standard,-106.134533,39.076341
10165741,Standard,-114.552384,44.254864
10165746,Standard,-107.332917,37.921571
10165751,Standard,-108.05483,37.886103
250043,Cabin West,-115.950508,44.774721
233449,POD 1,-96.532769,38.690952
255303,18,-121.595214,41.586853
10168496,1,-106.724293,40.373759
10168556,Sailors Haven Cottage,-73.100277,40.656666
10169589,North Klondike Campground site 1,-109.76647,38.823126
10171272,Quigley Group Use Site,-112.305636,46.560713
10172129,Campsite,-90.18422,41.93513
232504,B001,-75.920011,35.125522
233141,151,-94.507952,47.387068
10083567,1,-119.648512,37.870195
10083845,1,-119.737202,37.753302
10083840,1,-119.598261,37.826429
10138237,1,-113.032557,37.383747
10174884,North Park Boundary to Milford Beach,-74.769749,41.32646
10174943,1,-120.003243,37.822934
10176103,Standard,-115.32313,45.127574
10176108,Standard,-116.259608,44.501172
10176113,Standard,-116.820177,44.738505
10176118,Standard,-115.738568,44.937104
10176123,Standard,-115.913985,45.269388
10176128,Standard,-116.27297,44.654298
10176133,Standard,-115.707862,44.890819
10176138,Standard,-115.808702,45.214049
10176143,Standard,-115.691541,44.86299
10176148,Standard,-116.144289,45.201163
10176153,Standard,-116.617798,45.082854
10176158,Standard,-115.915257,45.278974
10176163,Standard,-115.87515,44.781743
10176168,Standard,-116.653893,44.939838
10176173,Standard,-115.94628,44.923157
10176178,Standard,-116.190021,44.988435
10176183,Standard,-115.758554,45.062106
10176188,Standard,-115.702442,44.824672
10176193,Standard,-115.761297,45.063566
10177497,1,-97.150553,38.384873
10177518,1,-97.076179,38.379567
10177496,Dunbar Group Site,87.001699,41.682476
231912,GS01,-109.795855,42.940713
262754,1,-122.489109,45.043433
274721,1,-122.371505,44.588735
262756,1,-122.485583,45.033728
262759,1,-122.492067,44.983908
202155,Hunter Canyon Group Site,-109.597027,38.510336
234488,B01,-112.119267,35.935892
256345,14,-110.908629,34.304754
256348,2,-121.095391,46.979893
256344,23,-110.884497,34.304415
256350,19,-110.95544,34.320962
259170,BC1,-77.395726,38.550706
10187106,Shelter,-87.25627,32.05044
10187108,Small Shelter,-87.38996,32.11549
10187111,Site 1,-87.116341,32.164193
10187123,Group Shelter,-87.30843,32.05881
10187125,Shelter (A060) Closest to Playground,-86.675783,32.3491
10187129,Shelter #1,-87.54981,31.62075
10187133,Shelter,-87.39113,32.11452
233508,33,-96.30827,35.94819
256368,Group Shelter East,-93.680885,37.603249
256369,Group Use Area,-93.791202,37.679801
256349,Cottonwood,-87.196148,36.316209
255180,1,-118.867573,42.804506
234513,Site A,-81.756916,29.051704
10191060,Standard,-114.3247,43.7216
10191065,Standard,-114.275893,42.171472
10191070,Standard,-94.095559,47.524724
10191075,Standard,-113.6483,42.3249
10191080,Standard,-94.071902,47.04983
10191085,Standard,-93.652341,47.556934
10191090,Standard,-114.2813,42.1827
10191095,Standard,-114.268068,42.322699
10191100,Standard,-114.2594,42.2797
10191105,Standard,-113.625292,42.317857
10191110,Standard,-114.285877,42.194344
10191115,Standard,-94.508474,47.603435
256932,22,-118.825107,36.719413
256933,50,-112.476741,34.510521
10192010,ELDRIDGE GUARD STATION,-111.312247,45.069868
10192012,Standard,-89.672941,46.35924
10192037,Standard,-116.732053,33.803978
10192062,Standard,-89.790043,46.331637
10192067,Standard,-117.068889,34.352222
10192097,Standard,-89.604359,46.241627
10192122,Standard,-116.456766,33.584877
10192127,Standard,-89.573968,46.281466
233700,1,-95.376952,38.913962
233659,D02,-97.979159,38.628817
256934,1,-81.259472,36.758706
256935,1,-81.064547,36.835847
231848,46,-106.493493,41.3253
233561,Group Camp,-97.467224,42.844727
232433,A080,-78.668023,38.246992
10203811,1,-83.973776,34.675911
232157,10,-106.748163,38.73075
234297,5,-112.364197,38.753228
260558,3,-113.317516,44.434482
232500,8,-119.028699,33.479368
232502,6,-119.367751,34.013854
234469,25,-83.967689,34.742706
232499,4,-119.660805,34.010678
232501,9,-120.348806,34.04047
10207636,1,-83.93597,35.63707
234557,Volley Ball Net,-79.97372,37.985399
233395,18,-106.281006,35.795824
233832,16,-96.068519,37.645845
261793,GS02,-81.695746,26.720756
261791,Site 1,-123.818052,45.179811
262752,site 3,-123.794785,45.230379
264293,4,-68.653144,44.028185
10214673,1,-109.622432,38.145929
10214711,1,-109.608969,37.262811
10214735,1,-109.631466,38.165333
10214768,1,-109.669222,38.192051
265539,1,-84.156944,44.5525
266136,HERON,-111.045935,33.634453
266138,6,-121.853828,43.58844
266142,17,-121.701102,44.484651
266140,1,-121.629703,43.725955
247566,1,-112.728476,32.072025
10220609,HORSE #1 (HORSES ARE MANDATORY),-119.653589,37.539277
266141,15,-121.764352,43.732524
266139,3,-121.620861,44.557786
266137,2,-121.617605,43.736463
266135,GROUP,-111.12451,33.666439
10224635,Old Picnic Area,-78.303329,36.599438
266143,Group Shelter,-115.997789,43.630274
267070,14,-121.966102,43.564567
267071,5,-121.624488,44.10291
267079,5,-122.010346,43.586182
267080,9,-121.619623,44.574335
267078,7,-121.638261,44.481279
267075,8,-121.638114,44.472013
267074,11,-121.625758,44.113062
267073,9,-121.619057,43.774093
267076,1,-121.476003,44.620273
267083,7,-121.638876,44.485634
267082,7,-121.609619,44.357482
267072,001 - 4 Horse,-121.800764,43.824095
267553,18,-121.775555,43.812987
267556,3,-121.623005,44.095711
267552,8,-121.635193,44.44153
267554,17 - 4 Horse,-121.624437,44.112203
267560,1,-121.808239,43.966811
267559,1,-111.865811,33.97525
267557,8,-121.84267,43.497142
267558,8,-121.823666,43.675658
267555,22,-121.808904,43.979087
269838,Heybrook Lookout,-121.5352,47.808397
270420,A08,-112.153589,34.711127
270816,143,-112.809759,31.94019
232441,G03,-83.312494,35.561456
232448,A008,-119.353923,37.874138
232437,GP01,-83.109183,35.752307
232438,GP02,-83.206551,35.753053
232439,7AM-3:30PM,-83.208954,35.757538
232434,G001,-83.07379,35.650994
232435,4-8PM,-83.438662,35.460488
232436,GP01,-83.586296,35.659981
232432,A093,-78.297416,38.76305
272084,T10,-91.530065,41.723118
272095,Kellner Picnic Site,-110.829088,33.33491
272091,L08,-91.541001,41.725113
272094,C02,-91.533962,41.722371
272098,Red Ives Cabin,-115.351528,47.056589
272097,Brundrett 2,-110.571926,33.688829
232481,2,-83.298032,35.5428
232483,2,-83.212084,35.615598
272174,5,-79.438081,40.437375
272173,Strawberry Cabin,-111.915278,46.475556
231962,64,-119.100468,34.815069
233954,23,-82.203565,35.804294
232039,83,-112.695938,37.521781
272228,10,-121.425578,43.724417
272230,10,-121.379,43.716167
272243,2,-122.593911,40.599984
272248,1,-122.551662,40.586263
272250,1,-122.582692,40.601411
272244,2,-122.531345,40.575809
272249,26,-89.322332,46.240759
272246,3,-119.783935,38.745664
272245,10,-111.24823,38.282995
272247,1,-122.671356,40.641737
272266,73,-112.984085,37.202868
251537,50,-121.244102,43.710909
234685,38,-105.506131,37.74524
232398,5,-119.093611,37.686111
272299,B02,-115.813029,33.745858
272300,15,-116.064881,33.991852
273334,2,-86.604,46.044
273355,1,-86.482778,46.128889
273346,2,-86.411,46.181
273349,3,-86.450556,46.163333
273361,1,-86.578,46.165
273338,1,-86.431667,46.216667
273350,1,-86.581389,46.039167
273344,1,-86.544167,46.171667
273347,1,-86.523056,46.080278
273333,1,-86.55,46.072
273341,1,-86.498333,46.070556
273358,1,-86.5375,46.070556
273356,1,-86.507778,46.077778
273340,1,-86.479722,46.169167
273342,2,-86.503056,46.174444
273348,17,-106.36586,37.126197
273343,5,-90.050963,46.663962
273360,3,-105.609755,36.086137
273357,2,-86.428611,46.2
273339,1,-86.577,46.145
273353,1,-86.479444,46.144722
273363,1,-86.413889,46.244722
273352,23,-83.480849,34.757081
273351,1,-86.5475,46.170556
273345,Clark Lake Pavilion,-89.337717,46.242062
273335,24,-112.381252,34.512289
273375,1,-122.36815,40.887972
273378,Hirz Cabin,-122.235619,40.874092
273376,1,-122.920989,40.773
273759,20,-112.772594,37.518596
273758,5,-105.693519,35.686302
273755,1,-122.253661,40.752237
273778,F04,-71.651516,44.012931
273784,Lake Ottawa Pavilion,-88.76396,46.077346
273799,4,-117.535609,48.611421
232733,9G,-84.645541,37.013425
273821,3,-83.111694,35.749585
273818,1,-105.607406,36.187956
273822,3,-112.789354,37.52065
273820,2,-117.539474,48.612232
250031,01-Equestrian Camp,-122.452577,42.1804
273841,Fuchs House,-90.603631,36.978337
273847,A10,-83.933044,35.610659
273848,26,-83.173823,35.564826
233652,W,-77.192045,41.977716
273868,ELK CREEK PAVILION,-116.173056,46.791944
274288,16,-114.215741,34.210249
274315,38,-106.608584,35.823305
234529,GSA,-112.214354,36.712382
231881,2,-106.893106,39.146288
231893,1,-105.653715,35.845169
232427,1,-90.614392,48.067939
232514,3,-82.471198,33.644641
232646,23,-96.662293,32.25895
232729,1,-84.679366,34.202993
233543,5,-98.58096,36.128924
233595,4,-96.645393,33.87647
232174,18,-71.021601,44.267405
232209,1,-112.453878,34.455556
232220,17,-106.074914,39.602631
232323,2,-106.974166,44.33765
232387,4,-106.368529,39.088194
232679,34,-86.771475,32.342505
232452,108,-119.798914,37.748173
232904,4,-82.633857,38.614742
233649,1,-106.307228,35.646454
233821,8,-109.461503,40.882678
233926,8,-107.500161,44.703341
234509,4,-105.396815,40.683873
233783,G001,-89.266444,38.657789
233811,2,-107.23149,37.72918
233817,GROUP,-119.565505,37.737314
234518,1,-110.816465,42.638639
231836,24,-104.423472,44.426862
231887,1,-105.80138,33.030698
232168,10,-115.679678,36.309064
232354,5,-115.075902,43.606354
232408,7,-111.541591,39.253458
232621,A17,-92.921621,36.472317
232339,16,-105.094401,39.062087
232383,1,-110.824553,43.203645
232552,21,-96.488379,33.055312
232575,4,-84.615931,34.602146
232618,T003,-99.573238,31.838459
233826,14,-111.428731,44.432997
233414,W06,-119.966734,37.21001
233445,4,-96.583031,33.849325
233555,28,-95.459202,37.276948
234287,6,-111.745146,34.936023
234559,1,-97.238604,31.533016
231882,8,-106.895916,39.142114
231886,13,-107.702599,35.234664
231991,1,-87.297426,34.11904
232007,13,-79.776154,38.918752
232026,17,-112.905159,37.592464
232041,1,-116.17493,44.332144
232080,5,-112.656365,37.703594
232211,B-1,-111.112604,43.323601
233499,23,-118.767349,46.31294
233546,2,-95.104777,34.175823
233660,C-11,-95.378457,34.044757
233769,1,-85.920746,43.87071
233804,1,-105.06764,37.968023
233833,58,-105.525323,40.638809
233927,1,-106.560574,39.757264
233934,28,-109.730196,44.453739
233956,1,-112.12272,35.210204
233593,B04,-92.890228,40.857799
233612,9,-88.945398,38.037204
233621,4,-96.523144,38.682867
232651,7,-96.695539,31.964389
232903,15,-82.619606,38.613126
233429,1,-95.335531,36.043235
233450,11,-95.675482,38.675348
233453,A24,-93.683125,37.579025
232379,1,-115.697965,43.908336
232513,27,-85.209859,32.972815
232537,31,-87.886075,36.61933
233422,8,-80.907612,38.221841
231907,C04,-109.590487,40.983193
231919,11,-111.744516,38.527636
232056,CA1,-86.4587,39.020401
232669,62,-88.300525,33.237466
232189,10,-91.915959,47.380937
232687,54,-82.259209,33.680345
233482,6,-88.985055,38.039526
233601,5,-97.956508,38.610941
233534,E30,-96.547787,33.935792
232571,11,-87.436954,33.257625
232462,C090,-105.593361,40.326529
232616,1,-86.446274,36.290051
232658,1,-86.659877,36.287502
232683,9,-85.16381,32.932168
233648,2,-94.351497,46.410248
233635,A11,-93.731239,38.294256
232718,2,-97.370468,30.669921
233463,9,-89.261706,38.657277
231838,3,-103.713975,43.735366
231864,33,-106.620531,40.93319
233757,4,-90.898438,46.302032
233946,3,-87.373908,33.438463
234220,Shelter 1 Big Branch Day Use Area,-81.77357,37.597311
234164,3,-115.671121,44.652635
234313,C01,-83.975955,35.36236
232143,3,-111.7743,34.841326
232163,CANYON GROUP ,-115.643479,36.254682
233731,CABIN,-105.904748,40.793778
234139,C1,-84.098,35.315146
234236,3,-82.383117,38.147488
234552,2,-106.771784,40.772578
233474,B006,-96.953809,39.095414
232542,13,-93.528231,36.721157
232308,A,-71.519322,43.972965
232384,84,-81.677586,36.66961
231914,Group A - RV,-112.25991,37.609209
232050,20,-114.914553,44.148143
233523,39,-77.178617,41.88808
234080,X26,-84.968562,46.011203
232210,9,-111.043814,43.197892
232391,8,-91.168061,37.811755
232151,30,-94.514793,47.380493
232273,48,-106.044627,39.600599
233529,J-13,-95.420127,34.023477
233531,44,-93.699976,34.228436
232459,D144,-78.437644,38.529133
232717,D-01,-92.112807,34.448215
232325,20,-90.932902,37.724452
233848,19,-94.048863,47.518317
232418,1,-90.876458,36.668602
233597,004A,-91.663588,39.508946
233758,13,-90.931644,45.986705
233812,LKISCA,-105.047423,37.981031
233859,2,-105.764018,39.436668
233945,J01,-107.108653,41.273872
233969,2,-112.275346,42.350582
234562,1,-82.197827,33.657873
231840,25,-103.482777,43.892672
232011,B,-114.850651,43.925464
232541,117,-88.213832,36.995144
232428,2,-90.897375,48.159837
232522,3,-94.398952,34.126965
233541,32,-88.740528,39.450245
233557,GRP6,-91.646125,39.517603
233922,1,-90.17412,45.909928
233941,G01,-105.953361,40.142949
234227,P4,-82.420415,38.305011
231862,C119,-105.89054,40.178714
233618,19,-91.596971,41.81402
233622,11,-96.805177,36.766358
233440,A,-119.875349,37.122204
233558,7,-88.955972,38.054276
233573,19,-79.446665,41.482538
233580,DPS,-95.413344,39.118149
233686,S05,-90.277454,36.935938
233910,7,-80.07091,35.439452
234617,1,-84.639293,46.470758
234237,1,-71.172427,44.19694
231916,11,-111.694228,37.935427
233672,54,-93.376898,37.877112
233665,GSA,-81.28646,36.109104
232016,12,-116.185826,44.334759
232431,027 - Double Site,-115.261855,44.301666
232533,1,-82.828972,34.515185
232635,GRP1,-96.644946,32.27105
233793,2,-110.775367,39.882928
233797,BIGROC,-111.155379,39.512527
233808,CABIN,-105.92803,39.346246
233983,12,-91.01784,37.003865
234090,2,-71.730626,43.188993
234128,7,-79.563983,33.03746
234221,6,-107.447198,44.688995
233709,11,-105.987285,39.032003
233814,C01,-91.307024,33.985426
234033,32,-81.557504,28.981815
231997,25,-94.105176,47.515335
231852,35,-105.470426,40.68208
234101,5,-111.768129,40.622703
232665,30,-84.619149,34.120064
232750,4,-96.727431,31.971345
232079,8,-119.322168,38.17919
234257,GROUP1,-112.266962,39.349863
234454,1,-106.912736,44.159633
234519,1,-110.817256,42.641319
231837,5,-103.51262,43.77508
231870,17,-106.14337,38.427098
234532,1,-112.168004,38.071119
233102,4,-119.322107,38.183313
233548,EAST,-92.244088,44.859403
233576,S-3,-95.471694,37.273096
233638,T3,-80.286932,27.108934
233564,40,-89.601952,33.836373
233944,J01,-107.119993,41.283039
